ProjectDescriptionID,catchRawID,trapVisitID,commonName,releaseID,atCaptureRun,finalRun,fishOrigin,lifeStage,forkLength,n,visitTime,visitTime2,visitType,siteName,subSiteName,markType,markColor,markPosition
10,12277,1497,Chinook salmon,264,Fall,Fall,Natural,Parr,38.0,1,2016-01-19T09:30:34Z,2016-01-19T09:30:34Z,Continue trapping,Tisdale Weir RST,RR,Pigment / dye,Brown,Whole body
10,12771,1507,Chinook salmon,264,Fall,Fall,Natural,Parr,32.0,1,2016-01-21T15:30:34Z,2016-01-21T15:30:34Z,Continue trapping,Tisdale Weir RST,RR,Pigment / dye,Brown,Whole body
10,12772,1507,Chinook salmon,264,Fall,Fall,Natural,Parr,39.0,1,2016-01-21T15:30:34Z,2016-01-21T15:30:34Z,Continue trapping,Tisdale Weir RST,RR,Pigment / dye,Brown,Whole body
10,13039,1515,Chinook salmon,264,Fall,Fall,Natural,Fry,40.0,1,2016-01-23T14:30:34Z,2016-01-23T14:30:34Z,Continue trapping,Tisdale Weir RST,RR,Pigment / dye,Brown,Whole body
10,15888,1632,Chinook salmon,256,Fall,Fall,Hatchery,Parr,54.0,1,2016-02-19T08:30:34Z,2016-02-19T08:30:34Z,Continue trapping,Tisdale Weir RST,RR,Elastomer,Green,Nose
10,27879,2243,Chinook salmon,261,Fall,Fall,Hatchery,Parr,52.0,1,2016-04-07T08:30:34Z,2016-04-07T08:30:34Z,Continue trapping,Tisdale Weir RST,RL,Elastomer,Green,Nose
10,29254,2343,Chinook salmon,1,Not recorded,,Natural,Not recorded,,0,2010-12-12T12:45:34Z,2010-12-12T12:45:34Z,Continue trapping,Tisdale Weir RST,RL,No marks or tags,Not applicable (n/a),Not applicable (n/a)
10,88896,5843,Chinook salmon,309,Not recorded,,Natural,Not recorded,,1,2021-02-10T08:00:13Z,2021-02-10T08:00:13Z,Unplanned restart,Tisdale Weir RST,RR,Pigment / dye,Brown,Whole body
10,88897,5843,Chinook salmon,309,Not recorded,,Natural,Not recorded,,1,2021-02-10T08:00:13Z,2021-02-10T08:00:13Z,Unplanned restart,Tisdale Weir RST,RR,Pigment / dye,Brown,Whole body
10,35039,2529,Chinook salmon,266,Spring,Spring,Natural,Silvery parr,90.0,1,2016-04-16T08:45:34Z,2016-04-16T08:45:34Z,Continue trapping,Tisdale Weir RST,RL,Pigment / dye,Brown,Whole body
10,35059,2530,Chinook salmon,262,Fall,Fall,Hatchery,Parr,61.0,1,2016-04-16T08:45:34Z,2016-04-16T08:45:34Z,Continue trapping,Tisdale Weir RST,RR,Elastomer,White,Nose
10,88898,5843,Chinook salmon,309,Not recorded,,Natural,Not recorded,,1,2021-02-10T08:00:13Z,2021-02-10T08:00:13Z,Unplanned restart,Tisdale Weir RST,RR,Pigment / dye,Brown,Whole body
10,40673,2918,Chinook salmon,271,Fall,Fall,Hatchery,Silvery parr,125.0,1,2016-09-30T09:30:34Z,2016-09-30T09:30:34Z,Continue trapping,Tisdale Weir RST,RL,Elastomer,Yellow,Nose
10,40861,2960,Chinook salmon,273,Fall,Fall,Hatchery,Silvery parr,145.0,1,2016-10-21T11:45:34Z,2016-10-21T11:45:34Z,Continue trapping,Tisdale Weir RST,RL,Elastomer,White,Nose
10,41490,3024,Chinook salmon,274,Late fall,Late fall,Hatchery,Silvery parr,109.0,1,2016-11-17T10:00:34Z,2016-11-17T10:00:34Z,Continue trapping,Tisdale Weir RST,RR,Elastomer,Orange,Nose
10,41491,3024,Chinook salmon,274,Fall,Fall,Hatchery,Silvery parr,173.0,1,2016-11-17T10:00:34Z,2016-11-17T10:00:34Z,Continue trapping,Tisdale Weir RST,RR,Elastomer,Orange,Nose
10,88899,6444,Chinook salmon,310,Fall,,Natural,Parr,,1,2022-03-11T11:45:35Z,2022-03-11T11:45:35Z,Continue trapping,Tisdale Weir RST,RR,Elastomer,Orange,Nose
10,88900,6444,Chinook salmon,310,Fall,,Natural,Parr,,1,2022-03-11T11:45:35Z,2022-03-11T11:45:35Z,Continue trapping,Tisdale Weir RST,RR,Elastomer,Orange,Nose
10,45501,3332,Chinook salmon,275,Fall,Fall,Hatchery,Parr,52.0,1,2017-02-25T10:00:34Z,2017-02-25T10:00:34Z,Unplanned restart,Tisdale Weir RST,RR,Elastomer,Orange,Nose
10,88901,6444,Chinook salmon,310,Fall,,Natural,Parr,,1,2022-03-11T11:45:35Z,2022-03-11T11:45:35Z,Continue trapping,Tisdale Weir RST,RR,Elastomer,Orange,Nose
10,48143,3542,Chinook salmon,277,Fall,Fall,Natural,Parr,73.0,1,2017-04-04T10:15:34Z,2017-04-04T10:15:34Z,Continue trapping,Tisdale Weir RST,RR,Pigment / dye,Brown,Whole body
10,50486,3827,Chinook salmon,279,Fall,,Hatchery,Not recorded,121.0,1,2017-09-14T09:30:34Z,2017-09-14T09:30:34Z,Continue trapping,Tisdale Weir RST,RL,Fin clip,Not applicable (n/a),"Pelvic fin, right"
10,50743,3883,Chinook salmon,280,Fall,,Hatchery,Silvery parr,150.0,1,2017-10-12T09:30:34Z,2017-10-12T09:30:34Z,Continue trapping,Tisdale Weir RST,RR,Fin clip,Not applicable (n/a),"Pelvic fin, left"
10,50865,3910,Chinook salmon,281,Fall,,Hatchery,Not recorded,130.0,1,2017-10-26T09:30:34Z,2017-10-26T09:30:34Z,Continue trapping,Tisdale Weir RST,RL,Fin clip,Not applicable (n/a),"Pelvic fin, right"
10,50869,3911,Chinook salmon,281,Fall,,Hatchery,Not recorded,78.0,1,2017-10-26T09:30:34Z,2017-10-26T09:30:34Z,Continue trapping,Tisdale Weir RST,RR,Fin clip,Not applicable (n/a),"Pelvic fin, right"
10,51051,3953,Chinook salmon,282,Not recorded,,Hatchery,Not recorded,,1,2017-11-16T09:45:34Z,2017-11-16T09:45:34Z,Continue trapping,Tisdale Weir RST,RL,Fin clip,Not applicable (n/a),"Pelvic fin, left"
10,53518,4528,Chinook salmon,302,Fall,,Natural,Silvery parr,137.0,1,2018-11-01T08:15:34Z,2018-11-01T08:15:34Z,Continue trapping,Tisdale Weir RST,RR,Elastomer,Yellow,Nose
10,55215,4769,Chinook salmon,303,Fall,,Hatchery,Parr,58.0,1,2019-03-09T10:44:34Z,2019-03-09T10:44:34Z,Continue trapping,Tisdale Weir RST,RL,Elastomer,Orange,Nose
10,88831,638,Chinook salmon,299,Not recorded,,Natural,Not recorded,,1,2015-03-25T09:30:34Z,2015-03-25T09:30:34Z,Continue trapping,Tisdale Weir RST,RR,Elastomer,Green,Nose
10,88832,664,Chinook salmon,300,Not recorded,,Natural,Not recorded,,2,2015-04-01T09:00:34Z,2015-04-01T09:00:34Z,Unplanned restart,Tisdale Weir RST,RR,Elastomer,Pink,Nose
10,88834,1493,Chinook salmon,264,Not recorded,,Natural,Not recorded,,6,2016-01-18T08:30:34Z,2016-01-18T08:30:34Z,Continue trapping,Tisdale Weir RST,RR,Pigment / dye,Brown,Whole body
10,88869,2399,Chinook salmon,262,Not recorded,,Natural,Not recorded,,1,2016-04-14T08:30:34Z,2016-04-14T08:30:34Z,Continue trapping,Tisdale Weir RST,RR,Elastomer,White,Nose
10,88870,1614,Chinook salmon,1,Not recorded,,Natural,Not recorded,,1,2016-02-11T09:00:34Z,2016-02-11T09:00:34Z,Continue trapping,Tisdale Weir RST,RR,Elastomer,Yellow,Nose
10,88871,1630,Chinook salmon,256,Not recorded,,Natural,Not recorded,,1,2016-02-18T09:30:34Z,2016-02-18T09:30:34Z,Continue trapping,Tisdale Weir RST,RR,Elastomer,Green,Nose
10,88873,2399,Chinook salmon,262,Not recorded,,Natural,Not recorded,,1,2016-04-14T08:30:34Z,2016-04-14T08:30:34Z,Continue trapping,Tisdale Weir RST,RR,Elastomer,White,Nose
10,88874,2399,Chinook salmon,262,Not recorded,,Natural,Not recorded,,1,2016-04-14T08:30:34Z,2016-04-14T08:30:34Z,Continue trapping,Tisdale Weir RST,RR,Elastomer,White,Nose
10,88876,2711,Chinook salmon,270,Not recorded,,Natural,Not recorded,,1,2016-04-28T09:00:34Z,2016-04-28T09:00:34Z,Continue trapping,Tisdale Weir RST,RR,Elastomer,Green,Nose
10,88902,6488,Chinook salmon,314,Spring,,Natural,Silvery parr,,1,2022-04-01T10:45:52Z,2022-04-01T10:45:52Z,Unplanned restart,Tisdale Weir RST,RR,Pigment / dye,Brown,Whole body
10,88904,6829,Chinook salmon,283,Not recorded,,Natural,Not recorded,,1,2023-01-25T10:15:47Z,2023-01-25T10:15:47Z,Continue trapping,Tisdale Weir RST,RR,Pigment / dye,Brown,Whole body
10,88905,6980,Chinook salmon,317,Not recorded,,Natural,Not recorded,,1,2023-04-13T09:45:52Z,2023-04-13T09:45:52Z,Unplanned restart,Tisdale Weir RST,RR,Elastomer,Pink,Nose
10,88906,6980,Chinook salmon,317,Not recorded,,Natural,Not recorded,,1,2023-04-13T09:45:52Z,2023-04-13T09:45:52Z,Unplanned restart,Tisdale Weir RST,RR,Elastomer,Pink,Nose
10,88907,6994,Chinook salmon,318,Not recorded,,Hatchery,Not recorded,,12,2023-04-20T09:45:14Z,2023-04-20T09:45:14Z,Continue trapping,Tisdale Weir RST,RR,Elastomer,Orange,Nose
10,88914,7006,Chinook salmon,319,Not recorded,,Hatchery,Not recorded,,18,2023-04-26T10:00:39Z,2023-04-26T10:00:39Z,Unplanned restart,Tisdale Weir RST,RR,Elastomer,Red,Nose
10,88915,7425,Chinook salmon,320,Not recorded,,Natural,Not recorded,,4,2024-01-18T10:45:41Z,2024-01-18T10:45:41Z,Unplanned restart,Tisdale Weir RST,RR,Pigment / dye,Brown,Whole body
10,88917,7533,Chinook salmon,324,Not recorded,,Natural,Not recorded,,1,2024-03-27T10:00:13Z,2024-03-27T10:00:13Z,Continue trapping,Tisdale Weir RST,RR,Elastomer,Orange,Nose
10,88918,7538,Chinook salmon,325,Spring,,Natural,Silvery parr,,3,2024-03-29T10:00:04Z,2024-03-29T10:00:04Z,End trapping,Tisdale Weir RST,RR,Elastomer,Red,Nose
